-- 자동 생성된 데이터 INSERT 문
-- Supabase SQL Editor에서 schema.sql 실행 후 이 파일을 실행하세요

-- 지역구 데이터
INSERT INTO districts (id, name, region) VALUES (1, '가평군 선거구', '가평권');
INSERT INTO districts (id, name, region) VALUES (2, '고양시 제10선거구', '고양권');
INSERT INTO districts (id, name, region) VALUES (3, '고양시 제11선거구', '고양권');
INSERT INTO districts (id, name, region) VALUES (4, '고양시 제12선거구', '고양권');
INSERT INTO districts (id, name, region) VALUES (5, '고양시 제1선거구', '고양권');
INSERT INTO districts (id, name, region) VALUES (6, '고양시 제2선거구', '고양권');
INSERT INTO districts (id, name, region) VALUES (7, '고양시 제3선거구', '고양권');
INSERT INTO districts (id, name, region) VALUES (8, '고양시 제4선거구', '고양권');
INSERT INTO districts (id, name, region) VALUES (9, '고양시 제5선거구', '고양권');
INSERT INTO districts (id, name, region) VALUES (10, '고양시 제6선거구', '고양권');
INSERT INTO districts (id, name, region) VALUES (11, '고양시 제7선거구', '고양권');
INSERT INTO districts (id, name, region) VALUES (12, '고양시 제8선거구', '고양권');
INSERT INTO districts (id, name, region) VALUES (13, '고양시 제9선거구', '고양권');
INSERT INTO districts (id, name, region) VALUES (14, '과천시 선거구', '과천권');
INSERT INTO districts (id, name, region) VALUES (15, '광명시 제1선거구', '광명권');
INSERT INTO districts (id, name, region) VALUES (16, '광명시 제2선거구', '광명권');
INSERT INTO districts (id, name, region) VALUES (17, '광명시 제3선거구', '광명권');
INSERT INTO districts (id, name, region) VALUES (18, '광명시 제4선거구', '광명권');
INSERT INTO districts (id, name, region) VALUES (19, '광주시 제1선거구', '광주권');
INSERT INTO districts (id, name, region) VALUES (20, '광주시 제2선거구', '광주권');
INSERT INTO districts (id, name, region) VALUES (21, '광주시 제3선거구', '광주권');
INSERT INTO districts (id, name, region) VALUES (22, '광주시 제4선거구', '광주권');
INSERT INTO districts (id, name, region) VALUES (23, '구리시 제1선거구', '구리권');
INSERT INTO districts (id, name, region) VALUES (24, '구리시 제2선거구', '구리권');
INSERT INTO districts (id, name, region) VALUES (25, '군포시 제1선거구', '군포권');
INSERT INTO districts (id, name, region) VALUES (26, '군포시 제2선거구', '군포권');
INSERT INTO districts (id, name, region) VALUES (27, '군포시 제3선거구', '군포권');
INSERT INTO districts (id, name, region) VALUES (28, '군포시 제4선거구', '군포권');
INSERT INTO districts (id, name, region) VALUES (29, '김포시 제1선거구', '김포권');
INSERT INTO districts (id, name, region) VALUES (30, '김포시 제2선거구', '김포권');
INSERT INTO districts (id, name, region) VALUES (31, '김포시 제3선거구', '김포권');
INSERT INTO districts (id, name, region) VALUES (32, '김포시 제4선거구', '김포권');
INSERT INTO districts (id, name, region) VALUES (33, '남양주시 제1선거구', '남양주권');
INSERT INTO districts (id, name, region) VALUES (34, '남양주시 제2선거구', '남양주권');
INSERT INTO districts (id, name, region) VALUES (35, '남양주시 제3선거구', '남양주권');
INSERT INTO districts (id, name, region) VALUES (36, '남양주시 제4선거구', '남양주권');
INSERT INTO districts (id, name, region) VALUES (37, '남양주시 제5선거구', '남양주권');
INSERT INTO districts (id, name, region) VALUES (38, '남양주시 제6선거구', '남양주권');
INSERT INTO districts (id, name, region) VALUES (39, '남양주시 제7선거구', '남양주권');
INSERT INTO districts (id, name, region) VALUES (40, '동두천시 제1선거구', '동두천권');
INSERT INTO districts (id, name, region) VALUES (41, '동두천시 제2선거구', '동두천권');
INSERT INTO districts (id, name, region) VALUES (42, '부천시 제1선거구', '부천권');
INSERT INTO districts (id, name, region) VALUES (43, '부천시 제2선거구', '부천권');
INSERT INTO districts (id, name, region) VALUES (44, '부천시 제3선거구', '부천권');
INSERT INTO districts (id, name, region) VALUES (45, '부천시 제4선거구', '부천권');
INSERT INTO districts (id, name, region) VALUES (46, '부천시 제5선거구', '부천권');
INSERT INTO districts (id, name, region) VALUES (47, '부천시 제6선거구', '부천권');
INSERT INTO districts (id, name, region) VALUES (48, '부천시 제7선거구', '부천권');
INSERT INTO districts (id, name, region) VALUES (49, '부천시 제8선거구', '부천권');
INSERT INTO districts (id, name, region) VALUES (50, '비례대표', '비례대표');
INSERT INTO districts (id, name, region) VALUES (51, '성남시 제1선거구', '성남권');
INSERT INTO districts (id, name, region) VALUES (52, '성남시 제2선거구', '성남권');
INSERT INTO districts (id, name, region) VALUES (53, '성남시 제3선거구', '성남권');
INSERT INTO districts (id, name, region) VALUES (54, '성남시 제4선거구', '성남권');
INSERT INTO districts (id, name, region) VALUES (55, '성남시 제5선거구', '성남권');
INSERT INTO districts (id, name, region) VALUES (56, '성남시 제6선거구', '성남권');
INSERT INTO districts (id, name, region) VALUES (57, '성남시 제7선거구', '성남권');
INSERT INTO districts (id, name, region) VALUES (58, '성남시 제8선거구', '성남권');
INSERT INTO districts (id, name, region) VALUES (59, '수원시 제10선거구', '수원권');
INSERT INTO districts (id, name, region) VALUES (60, '수원시 제11선거구', '수원권');
INSERT INTO districts (id, name, region) VALUES (61, '수원시 제12선거구', '수원권');
INSERT INTO districts (id, name, region) VALUES (62, '수원시 제1선거구', '수원권');
INSERT INTO districts (id, name, region) VALUES (63, '수원시 제2선거구', '수원권');
INSERT INTO districts (id, name, region) VALUES (64, '수원시 제3선거구', '수원권');
INSERT INTO districts (id, name, region) VALUES (65, '수원시 제4선거구', '수원권');
INSERT INTO districts (id, name, region) VALUES (66, '수원시 제5선거구', '수원권');
INSERT INTO districts (id, name, region) VALUES (67, '수원시 제6선거구', '수원권');
INSERT INTO districts (id, name, region) VALUES (68, '수원시 제7선거구', '수원권');
INSERT INTO districts (id, name, region) VALUES (69, '수원시 제8선거구', '수원권');
INSERT INTO districts (id, name, region) VALUES (70, '수원시 제9선거구', '수원권');
INSERT INTO districts (id, name, region) VALUES (71, '시흥시 제1선거구', '시흥권');
INSERT INTO districts (id, name, region) VALUES (72, '시흥시 제2선거구', '시흥권');
INSERT INTO districts (id, name, region) VALUES (73, '시흥시 제3선거구', '시흥권');
INSERT INTO districts (id, name, region) VALUES (74, '시흥시 제4선거구', '시흥권');
INSERT INTO districts (id, name, region) VALUES (75, '시흥시 제5선거구', '시흥권');
INSERT INTO districts (id, name, region) VALUES (76, '안산시 제1선거구', '안산권');
INSERT INTO districts (id, name, region) VALUES (77, '안산시 제2선거구', '안산권');
INSERT INTO districts (id, name, region) VALUES (78, '안산시 제3선거구', '안산권');
INSERT INTO districts (id, name, region) VALUES (79, '안산시 제4선거구', '안산권');
INSERT INTO districts (id, name, region) VALUES (80, '안산시 제5선거구', '안산권');
INSERT INTO districts (id, name, region) VALUES (81, '안산시 제7선거구', '안산권');
INSERT INTO districts (id, name, region) VALUES (82, '안산시 제8선거구', '안산권');
INSERT INTO districts (id, name, region) VALUES (83, '안성시 제1선거구', '안성권');
INSERT INTO districts (id, name, region) VALUES (84, '안성시 제2선거구', '안성권');
INSERT INTO districts (id, name, region) VALUES (85, '안양시 제1선거구', '안양권');
INSERT INTO districts (id, name, region) VALUES (86, '안양시 제2선거구', '안양권');
INSERT INTO districts (id, name, region) VALUES (87, '안양시 제3선거구', '안양권');
INSERT INTO districts (id, name, region) VALUES (88, '안양시 제4선거구', '안양권');
INSERT INTO districts (id, name, region) VALUES (89, '안양시 제5선거구', '안양권');
INSERT INTO districts (id, name, region) VALUES (90, '안양시 제6선거구', '안양권');
INSERT INTO districts (id, name, region) VALUES (91, '양주시 제1선거구', '양주권');
INSERT INTO districts (id, name, region) VALUES (92, '양주시 제2선거구', '양주권');
INSERT INTO districts (id, name, region) VALUES (93, '양평군 제1선거구', '양평권');
INSERT INTO districts (id, name, region) VALUES (94, '양평군 제2선거구', '양평권');
INSERT INTO districts (id, name, region) VALUES (95, '여주시 제1선거구', '여주권');
INSERT INTO districts (id, name, region) VALUES (96, '여주시 제2선거구', '여주권');
INSERT INTO districts (id, name, region) VALUES (97, '연천군 선거구', '연천권');
INSERT INTO districts (id, name, region) VALUES (98, '오산시 제1선거구', '오산권');
INSERT INTO districts (id, name, region) VALUES (99, '오산시 제2선거구', '오산권');
INSERT INTO districts (id, name, region) VALUES (100, '용인시 제10선거구', '용인권');
INSERT INTO districts (id, name, region) VALUES (101, '용인시 제1선거구', '용인권');
INSERT INTO districts (id, name, region) VALUES (102, '용인시 제2선거구', '용인권');
INSERT INTO districts (id, name, region) VALUES (103, '용인시 제3선거구', '용인권');
INSERT INTO districts (id, name, region) VALUES (104, '용인시 제4선거구', '용인권');
INSERT INTO districts (id, name, region) VALUES (105, '용인시 제5선거구', '용인권');
INSERT INTO districts (id, name, region) VALUES (106, '용인시 제6선거구', '용인권');
INSERT INTO districts (id, name, region) VALUES (107, '용인시 제7선거구', '용인권');
INSERT INTO districts (id, name, region) VALUES (108, '용인시 제8선거구', '용인권');
INSERT INTO districts (id, name, region) VALUES (109, '용인시 제9선거구', '용인권');
INSERT INTO districts (id, name, region) VALUES (110, '의왕시 제1선거구', '의왕권');
INSERT INTO districts (id, name, region) VALUES (111, '의왕시 제2선거구', '의왕권');
INSERT INTO districts (id, name, region) VALUES (112, '의정부시 제1선거구', '의정부권');
INSERT INTO districts (id, name, region) VALUES (113, '의정부시 제2선거구', '의정부권');
INSERT INTO districts (id, name, region) VALUES (114, '의정부시 제3선거구', '의정부권');
INSERT INTO districts (id, name, region) VALUES (115, '의정부시 제4선거구', '의정부권');
INSERT INTO districts (id, name, region) VALUES (116, '이천시 제1선거구', '이천권');
INSERT INTO districts (id, name, region) VALUES (117, '이천시 제2선거구', '이천권');
INSERT INTO districts (id, name, region) VALUES (118, '파주시 제1선거구', '파주권');
INSERT INTO districts (id, name, region) VALUES (119, '파주시 제2선거구', '파주권');
INSERT INTO districts (id, name, region) VALUES (120, '파주시 제3선거구', '파주권');
INSERT INTO districts (id, name, region) VALUES (121, '파주시 제4선거구', '파주권');
INSERT INTO districts (id, name, region) VALUES (122, '파주시 제5선거구', '파주권');
INSERT INTO districts (id, name, region) VALUES (123, '평택시 제1선거구', '평택권');
INSERT INTO districts (id, name, region) VALUES (124, '평택시 제2선거구', '평택권');
INSERT INTO districts (id, name, region) VALUES (125, '평택시 제3선거구', '평택권');
INSERT INTO districts (id, name, region) VALUES (126, '평택시 제4선거구', '평택권');
INSERT INTO districts (id, name, region) VALUES (127, '평택시 제5선거구', '평택권');
INSERT INTO districts (id, name, region) VALUES (128, '평택시 제6선거구', '평택권');
INSERT INTO districts (id, name, region) VALUES (129, '포천시 제1선거구', '포천권');
INSERT INTO districts (id, name, region) VALUES (130, '포천시 제2선거구', '포천권');
INSERT INTO districts (id, name, region) VALUES (131, '하남시 제1선거구', '하남권');
INSERT INTO districts (id, name, region) VALUES (132, '하남시 제2선거구', '하남권');
INSERT INTO districts (id, name, region) VALUES (133, '하남시 제3선거구', '하남권');
INSERT INTO districts (id, name, region) VALUES (134, '화성시 제1선거구', '화성권');
INSERT INTO districts (id, name, region) VALUES (135, '화성시 제2선거구', '화성권');
INSERT INTO districts (id, name, region) VALUES (136, '화성시 제3선거구', '화성권');
INSERT INTO districts (id, name, region) VALUES (137, '화성시 제4선거구', '화성권');
INSERT INTO districts (id, name, region) VALUES (138, '화성시 제5선거구', '화성권');
INSERT INTO districts (id, name, region) VALUES (139, '화성시 제6선거구', '화성권');
INSERT INTO districts (id, name, region) VALUES (140, '화성시 제7선거구', '화성권');
INSERT INTO districts (id, name, region) VALUES (141, '화성시 제8선거구', '화성권');

-- 위원회 데이터
INSERT INTO committees (id, name) VALUES (1, '건설교통위원회');
INSERT INTO committees (id, name) VALUES (2, '경기도교육청예산결산특별위원회');
INSERT INTO committees (id, name) VALUES (3, '경기도청예산결산특별위원회');
INSERT INTO committees (id, name) VALUES (4, '경제노동위원회');
INSERT INTO committees (id, name) VALUES (5, '교육기획위원회');
INSERT INTO committees (id, name) VALUES (6, '교육행정위원회');
INSERT INTO committees (id, name) VALUES (7, '기획재정위원회');
INSERT INTO committees (id, name) VALUES (8, '농정해양위원회');
INSERT INTO committees (id, name) VALUES (9, '도시환경위원회');
INSERT INTO committees (id, name) VALUES (10, '문화체육관광위원회');
INSERT INTO committees (id, name) VALUES (11, '미래과학협력위원회');
INSERT INTO committees (id, name) VALUES (12, '보건복지위원회');
INSERT INTO committees (id, name) VALUES (13, '안전행정위원회');
INSERT INTO committees (id, name) VALUES (14, '여성가족평생교육위원회');
INSERT INTO committees (id, name) VALUES (15, '윤리특별위원회');
INSERT INTO committees (id, name) VALUES (16, '의회운영위원회');

-- 의원 데이터
INSERT INTO members (id, name, photo_url, party, district_id, term) VALUES (1, '강웅철', '/images/members/강웅철.jpg', '국민의힘', 108, 11);
INSERT INTO members (id, name, photo_url, party, district_id, term) VALUES (2, '강태형', '/images/members/강태형.jpg', '더불어민주당', 80, 11);
INSERT INTO members (id, name, photo_url, party, district_id, term) VALUES (3, '고은정', '/images/members/고은정.jpg', '더불어민주당', 2, 11);
INSERT INTO members (id, name, photo_url, party, district_id, term) VALUES (4, '고준호', '/images/members/고준호.jpg', '국민의힘', 118, 11);
INSERT INTO members (id, name, photo_url, party, district_id, term) VALUES (5, '곽미숙', '/images/members/곽미숙.jpg', '국민의힘', 10, 11);
INSERT INTO members (id, name, photo_url, party, district_id, term) VALUES (6, '국중범', '/images/members/국중범.jpg', '더불어민주당', 54, 11);
INSERT INTO members (id, name, photo_url, party, district_id, term) VALUES (7, '김광민', '/images/members/김광민.jpg', '더불어민주당', 46, 11);
INSERT INTO members (id, name, photo_url, party, district_id, term) VALUES (8, '김규창', '/images/members/김규창.jpg', '국민의힘', 96, 11);
INSERT INTO members (id, name, photo_url, party, district_id, term) VALUES (9, '김근용', '/images/members/김근용.jpg', '국민의힘', 128, 11);
INSERT INTO members (id, name, photo_url, party, district_id, term) VALUES (10, '김도훈', '/images/members/김도훈.jpg', '국민의힘', 50, 11);
INSERT INTO members (id, name, photo_url, party, district_id, term) VALUES (11, '김동규', '/images/members/김동규.jpg', '더불어민주당', 76, 11);
INSERT INTO members (id, name, photo_url, party, district_id, term) VALUES (12, '김동영', '/images/members/김동영.jpg', '더불어민주당', 36, 11);
INSERT INTO members (id, name, photo_url, party, district_id, term) VALUES (13, '김동희', '/images/members/김동희.jpg', '더불어민주당', 47, 11);
INSERT INTO members (id, name, photo_url, party, district_id, term) VALUES (14, '김미리', '/images/members/김미리.jpg', '개혁신당', 34, 11);
INSERT INTO members (id, name, photo_url, party, district_id, term) VALUES (15, '김미숙', '/images/members/김미숙.jpg', '더불어민주당', 27, 11);
INSERT INTO members (id, name, photo_url, party, district_id, term) VALUES (16, '김민호', '/images/members/김민호.jpg', '국민의힘', 92, 11);
INSERT INTO members (id, name, photo_url, party, district_id, term) VALUES (17, '김상곤', '/images/members/김상곤.jpg', '국민의힘', 123, 11);
INSERT INTO members (id, name, photo_url, party, district_id, term) VALUES (18, '김선영', '/images/members/김선영.jpg', '더불어민주당', 50, 11);
INSERT INTO members (id, name, photo_url, party, district_id, term) VALUES (19, '김선희', '/images/members/김선희.jpg', '국민의힘', 107, 11);
INSERT INTO members (id, name, photo_url, party, district_id, term) VALUES (20, '김성남', '/images/members/김성남.jpg', '국민의힘', 130, 11);
INSERT INTO members (id, name, photo_url, party, district_id, term) VALUES (21, '김성수(안양1)', '/images/members/김성수안양1.jpg', '더불어민주당', 85, 11);
INSERT INTO members (id, name, photo_url, party, district_id, term) VALUES (22, '김성수(하남2)', '/images/members/김성수하남2.jpg', '국민의힘', 132, 11);
INSERT INTO members (id, name, photo_url, party, district_id, term) VALUES (23, '김시용', '/images/members/김시용.jpg', '국민의힘', 31, 11);
INSERT INTO members (id, name, photo_url, party, district_id, term) VALUES (24, '김영기', '/images/members/김영기.jpg', '국민의힘', 110, 11);
INSERT INTO members (id, name, photo_url, party, district_id, term) VALUES (25, '김영민', '/images/members/김영민.jpg', '국민의힘', 102, 11);
INSERT INTO members (id, name, photo_url, party, district_id, term) VALUES (26, '김영희', '/images/members/김영희.jpg', '더불어민주당', 98, 11);
INSERT INTO members (id, name, photo_url, party, district_id, term) VALUES (27, '김옥순', '/images/members/김옥순.jpg', '더불어민주당', 50, 11);
INSERT INTO members (id, name, photo_url, party, district_id, term) VALUES (28, '김완규', '/images/members/김완규.jpg', '국민의힘', 4, 11);
INSERT INTO members (id, name, photo_url, party, district_id, term) VALUES (29, '김용성', '/images/members/김용성.jpg', '더불어민주당', 18, 11);
INSERT INTO members (id, name, photo_url, party, district_id, term) VALUES (30, '김일중', '/images/members/김일중.jpg', '국민의힘', 116, 11);
INSERT INTO members (id, name, photo_url, party, district_id, term) VALUES (31, '김재균', '/images/members/김재균.jpg', '더불어민주당', 124, 11);
INSERT INTO members (id, name, photo_url, party, district_id, term) VALUES (32, '김재훈', '/images/members/김재훈.jpg', '국민의힘', 88, 11);
INSERT INTO members (id, name, photo_url, party, district_id, term) VALUES (33, '김정영', '/images/members/김정영.jpg', '국민의힘', 112, 11);
INSERT INTO members (id, name, photo_url, party, district_id, term) VALUES (34, '김정호', '/images/members/김정호.jpg', '국민의힘', 15, 11);
INSERT INTO members (id, name, photo_url, party, district_id, term) VALUES (35, '김종배', '/images/members/김종배.jpg', '더불어민주당', 74, 11);
INSERT INTO members (id, name, photo_url, party, district_id, term) VALUES (36, '김진경', '/images/members/김진경.jpg', '더불어민주당', 73, 11);
INSERT INTO members (id, name, photo_url, party, district_id, term) VALUES (37, '김진명', '/images/members/김진명.jpg', '더불어민주당', 56, 11);
INSERT INTO members (id, name, photo_url, party, district_id, term) VALUES (38, '김창식', '/images/members/김창식.jpg', '더불어민주당', 37, 11);
INSERT INTO members (id, name, photo_url, party, district_id, term) VALUES (39, '김철진', '/images/members/김철진.jpg', '더불어민주당', 81, 11);
INSERT INTO members (id, name, photo_url, party, district_id, term) VALUES (40, '김철현', '/images/members/김철현.jpg', '국민의힘', 86, 11);
INSERT INTO members (id, name, photo_url, party, district_id, term) VALUES (41, '김태형', '/images/members/김태형.jpg', '더불어민주당', 138, 11);
INSERT INTO members (id, name, photo_url, party, district_id, term) VALUES (42, '김태희', '/images/members/김태희.jpg', '더불어민주당', 77, 11);
INSERT INTO members (id, name, photo_url, party, district_id, term) VALUES (43, '김현석', '/images/members/김현석.jpg', '국민의힘', 14, 11);
INSERT INTO members (id, name, photo_url, party, district_id, term) VALUES (44, '김호겸', '/images/members/김호겸.jpg', '국민의힘', 66, 11);
INSERT INTO members (id, name, photo_url, party, district_id, term) VALUES (45, '김회철', '/images/members/김회철.jpg', '더불어민주당', 139, 11);
INSERT INTO members (id, name, photo_url, party, district_id, term) VALUES (46, '남경순', '/images/members/남경순.jpg', '국민의힘', 62, 11);
INSERT INTO members (id, name, photo_url, party, district_id, term) VALUES (47, '남종섭', '/images/members/남종섭.jpg', '더불어민주당', 103, 11);
INSERT INTO members (id, name, photo_url, party, district_id, term) VALUES (48, '명재성', '/images/members/명재성.jpg', '더불어민주당', 9, 11);
INSERT INTO members (id, name, photo_url, party, district_id, term) VALUES (49, '문병근', '/images/members/문병근.jpg', '국민의힘', 60, 11);
INSERT INTO members (id, name, photo_url, party, district_id, term) VALUES (50, '문승호', '/images/members/문승호.jpg', '더불어민주당', 51, 11);
INSERT INTO members (id, name, photo_url, party, district_id, term) VALUES (51, '문형근', '/images/members/문형근.jpg', '더불어민주당', 87, 11);
INSERT INTO members (id, name, photo_url, party, district_id, term) VALUES (52, '박명수', '/images/members/박명수.jpg', '국민의힘', 84, 11);
INSERT INTO members (id, name, photo_url, party, district_id, term) VALUES (53, '박명숙', '/images/members/박명숙.jpg', '국민의힘', 93, 11);
INSERT INTO members (id, name, photo_url, party, district_id, term) VALUES (54, '박명원', '/images/members/박명원.jpg', '개혁신당', 135, 11);
INSERT INTO members (id, name, photo_url, party, district_id, term) VALUES (55, '박상현', '/images/members/박상현.jpg', '더불어민주당', 49, 11);
INSERT INTO members (id, name, photo_url, party, district_id, term) VALUES (56, '박세원', '/images/members/박세원.jpg', '무소속', 136, 11);
INSERT INTO members (id, name, photo_url, party, district_id, term) VALUES (57, '박옥분', '/images/members/박옥분.jpg', '더불어민주당', 63, 11);
INSERT INTO members (id, name, photo_url, party, district_id, term) VALUES (58, '박재용', '/images/members/박재용.jpg', '더불어민주당', 50, 11);
INSERT INTO members (id, name, photo_url, party, district_id, term) VALUES (59, '박진영', '/images/members/박진영.jpg', '더불어민주당', 141, 11);
INSERT INTO members (id, name, photo_url, party, district_id, term) VALUES (60, '방성환', '/images/members/방성환.jpg', '국민의힘', 55, 11);
INSERT INTO members (id, name, photo_url, party, district_id, term) VALUES (61, '백현종', '/images/members/백현종.jpg', '국민의힘', 23, 11);
INSERT INTO members (id, name, photo_url, party, district_id, term) VALUES (62, '변재석', '/images/members/변재석.jpg', '더불어민주당', 5, 11);
INSERT INTO members (id, name, photo_url, party, district_id, term) VALUES (63, '서광범', '/images/members/서광범.jpg', '국민의힘', 95, 11);
INSERT INTO members (id, name, photo_url, party, district_id, term) VALUES (64, '서성란', '/images/members/서성란.jpg', '국민의힘', 111, 11);
INSERT INTO members (id, name, photo_url, party, district_id, term) VALUES (65, '서현옥', '/images/members/서현옥.jpg', '더불어민주당', 125, 11);
INSERT INTO members (id, name, photo_url, party, district_id, term) VALUES (66, '성기황', '/images/members/성기황.jpg', '더불어민주당', 26, 11);
INSERT INTO members (id, name, photo_url, party, district_id, term) VALUES (67, '성복임', '/images/members/성복임.jpg', '더불어민주당', 28, 11);
INSERT INTO members (id, name, photo_url, party, district_id, term) VALUES (68, '신미숙', '/images/members/신미숙.jpg', '더불어민주당', 137, 11);
INSERT INTO members (id, name, photo_url, party, district_id, term) VALUES (69, '심홍순', '/images/members/심홍순.jpg', '국민의힘', 3, 11);
INSERT INTO members (id, name, photo_url, party, district_id, term) VALUES (70, '안계일', '/images/members/안계일.jpg', '국민의힘', 57, 11);
INSERT INTO members (id, name, photo_url, party, district_id, term) VALUES (71, '안광률', '/images/members/안광률.jpg', '더불어민주당', 71, 11);
INSERT INTO members (id, name, photo_url, party, district_id, term) VALUES (72, '안명규', '/images/members/안명규.jpg', '국민의힘', 122, 11);
INSERT INTO members (id, name, photo_url, party, district_id, term) VALUES (73, '양우식', '/images/members/양우식.jpg', '국민의힘', 50, 11);
INSERT INTO members (id, name, photo_url, party, district_id, term) VALUES (74, '양운석', '/images/members/양운석.jpg', '더불어민주당', 83, 11);
INSERT INTO members (id, name, photo_url, party, district_id, term) VALUES (75, '염종현', '/images/members/염종현.jpg', '더불어민주당', 42, 11);
INSERT INTO members (id, name, photo_url, party, district_id, term) VALUES (76, '오석규', '/images/members/오석규.jpg', '더불어민주당', 115, 11);
INSERT INTO members (id, name, photo_url, party, district_id, term) VALUES (77, '오세풍', '/images/members/오세풍.jpg', '국민의힘', 30, 11);
INSERT INTO members (id, name, photo_url, party, district_id, term) VALUES (78, '오준환', '/images/members/오준환.jpg', '국민의힘', 13, 11);
INSERT INTO members (id, name, photo_url, party, district_id, term) VALUES (79, '오지훈', '/images/members/오지훈.jpg', '더불어민주당', 133, 11);
INSERT INTO members (id, name, photo_url, party, district_id, term) VALUES (80, '오창준', '/images/members/오창준.jpg', '국민의힘', 21, 11);
INSERT INTO members (id, name, photo_url, party, district_id, term) VALUES (81, '유경현', '/images/members/유경현.jpg', '더불어민주당', 48, 11);
INSERT INTO members (id, name, photo_url, party, district_id, term) VALUES (82, '유영두', '/images/members/유영두.jpg', '국민의힘', 19, 11);
INSERT INTO members (id, name, photo_url, party, district_id, term) VALUES (83, '유영일', '/images/members/유영일.jpg', '국민의힘', 89, 11);
INSERT INTO members (id, name, photo_url, party, district_id, term) VALUES (84, '유종상', '/images/members/유종상.jpg', '더불어민주당', 17, 11);
INSERT INTO members (id, name, photo_url, party, district_id, term) VALUES (85, '유형진', '/images/members/유형진.jpg', '국민의힘', 22, 11);
INSERT INTO members (id, name, photo_url, party, district_id, term) VALUES (86, '유호준', '/images/members/유호준.jpg', '더불어민주당', 38, 11);
INSERT INTO members (id, name, photo_url, party, district_id, term) VALUES (87, '윤성근', '/images/members/윤성근.jpg', '국민의힘', 126, 11);
INSERT INTO members (id, name, photo_url, party, district_id, term) VALUES (88, '윤재영', '/images/members/윤재영.jpg', '국민의힘', 100, 11);
INSERT INTO members (id, name, photo_url, party, district_id, term) VALUES (89, '윤종영', '/images/members/윤종영.jpg', '국민의힘', 97, 11);
INSERT INTO members (id, name, photo_url, party, district_id, term) VALUES (90, '윤충식', '/images/members/윤충식.jpg', '국민의힘', 129, 11);
INSERT INTO members (id, name, photo_url, party, district_id, term) VALUES (91, '윤태길', '/images/members/윤태길.jpg', '국민의힘', 131, 11);
INSERT INTO members (id, name, photo_url, party, district_id, term) VALUES (92, '이경혜', '/images/members/이경혜.jpg', '더불어민주당', 8, 11);
INSERT INTO members (id, name, photo_url, party, district_id, term) VALUES (93, '이기형', '/images/members/이기형.jpg', '더불어민주당', 32, 11);
INSERT INTO members (id, name, photo_url, party, district_id, term) VALUES (94, '이동현', '/images/members/이동현.jpg', '더불어민주당', 75, 11);
INSERT INTO members (id, name, photo_url, party, district_id, term) VALUES (95, '이병길', '/images/members/이병길.jpg', '국민의힘', 39, 11);
INSERT INTO members (id, name, photo_url, party, district_id, term) VALUES (96, '이병숙', '/images/members/이병숙.jpg', '더불어민주당', 61, 11);
INSERT INTO members (id, name, photo_url, party, district_id, term) VALUES (97, '이상원', '/images/members/이상원.jpg', '국민의힘', 11, 11);
INSERT INTO members (id, name, photo_url, party, district_id, term) VALUES (98, '이서영', '/images/members/이서영.jpg', '국민의힘', 50, 11);
INSERT INTO members (id, name, photo_url, party, district_id, term) VALUES (99, '이석균', '/images/members/이석균.jpg', '국민의힘', 33, 11);
INSERT INTO members (id, name, photo_url, party, district_id, term) VALUES (100, '이선구', '/images/members/이선구.jpg', '더불어민주당', 43, 11);
INSERT INTO members (id, name, photo_url, party, district_id, term) VALUES (101, '이성호', '/images/members/이성호.jpg', '국민의힘', 109, 11);
INSERT INTO members (id, name, photo_url, party, district_id, term) VALUES (102, '이애형', '/images/members/이애형.jpg', '국민의힘', 59, 11);
INSERT INTO members (id, name, photo_url, party, district_id, term) VALUES (103, '이영봉', '/images/members/이영봉.jpg', '더불어민주당', 113, 11);
INSERT INTO members (id, name, photo_url, party, district_id, term) VALUES (104, '이영주', '/images/members/이영주.jpg', '국민의힘', 91, 11);
INSERT INTO members (id, name, photo_url, party, district_id, term) VALUES (105, '이영희', '/images/members/이영희.jpg', '국민의힘', 101, 11);
INSERT INTO members (id, name, photo_url, party, district_id, term) VALUES (106, '이오수', '/images/members/이오수.jpg', '국민의힘', 70, 11);
INSERT INTO members (id, name, photo_url, party, district_id, term) VALUES (107, '이용욱', '/images/members/이용욱.jpg', '더불어민주당', 120, 11);
INSERT INTO members (id, name, photo_url, party, district_id, term) VALUES (108, '이용호', '/images/members/이용호.jpg', '국민의힘', 50, 11);
INSERT INTO members (id, name, photo_url, party, district_id, term) VALUES (109, '이은미', '/images/members/이은미.jpg', '더불어민주당', 82, 11);
INSERT INTO members (id, name, photo_url, party, district_id, term) VALUES (110, '이은주', '/images/members/이은주.jpg', '국민의힘', 24, 11);
INSERT INTO members (id, name, photo_url, party, district_id, term) VALUES (111, '이인규', '/images/members/이인규.jpg', '더불어민주당', 40, 11);
INSERT INTO members (id, name, photo_url, party, district_id, term) VALUES (112, '이인애', '/images/members/이인애.jpg', '국민의힘', 6, 11);
INSERT INTO members (id, name, photo_url, party, district_id, term) VALUES (113, '이자형', '/images/members/이자형.jpg', '더불어민주당', 50, 11);
INSERT INTO members (id, name, photo_url, party, district_id, term) VALUES (114, '이재영', '/images/members/이재영.jpg', '더불어민주당', 44, 11);
INSERT INTO members (id, name, photo_url, party, district_id, term) VALUES (115, '이제영', '/images/members/이제영.jpg', '국민의힘', 58, 11);
INSERT INTO members (id, name, photo_url, party, district_id, term) VALUES (116, '이진형', '/images/members/이진형.jpg', '더불어민주당', 140, 11);
INSERT INTO members (id, name, photo_url, party, district_id, term) VALUES (117, '이채명', '/images/members/이채명.jpg', '더불어민주당', 90, 11);
INSERT INTO members (id, name, photo_url, party, district_id, term) VALUES (118, '이채영', '/images/members/이채영.jpg', '국민의힘', 50, 11);
INSERT INTO members (id, name, photo_url, party, district_id, term) VALUES (119, '이택수', '/images/members/이택수.jpg', '국민의힘', 12, 11);
INSERT INTO members (id, name, photo_url, party, district_id, term) VALUES (120, '이학수', '/images/members/이학수.jpg', '국민의힘', 127, 11);
INSERT INTO members (id, name, photo_url, party, district_id, term) VALUES (121, '이한국', '/images/members/이한국.jpg', '국민의힘', 121, 11);
INSERT INTO members (id, name, photo_url, party, district_id, term) VALUES (122, '이혜원', '/images/members/이혜원.jpg', '국민의힘', 94, 11);
INSERT INTO members (id, name, photo_url, party, district_id, term) VALUES (123, '이호동', '/images/members/이호동.jpg', '국민의힘', 69, 11);
INSERT INTO members (id, name, photo_url, party, district_id, term) VALUES (124, '이홍근', '/images/members/이홍근.jpg', '더불어민주당', 134, 11);
INSERT INTO members (id, name, photo_url, party, district_id, term) VALUES (125, '임광현', '/images/members/임광현.jpg', '국민의힘', 1, 11);
INSERT INTO members (id, name, photo_url, party, district_id, term) VALUES (126, '임상오', '/images/members/임상오.jpg', '국민의힘', 41, 11);
INSERT INTO members (id, name, photo_url, party, district_id, term) VALUES (127, '임창휘', '/images/members/임창휘.jpg', '더불어민주당', 20, 11);
INSERT INTO members (id, name, photo_url, party, district_id, term) VALUES (128, '장대석', '/images/members/장대석.jpg', '더불어민주당', 72, 11);
INSERT INTO members (id, name, photo_url, party, district_id, term) VALUES (129, '장민수', '/images/members/장민수.jpg', '더불어민주당', 50, 11);
INSERT INTO members (id, name, photo_url, party, district_id, term) VALUES (130, '장윤정', '/images/members/장윤정.jpg', '더불어민주당', 78, 11);
INSERT INTO members (id, name, photo_url, party, district_id, term) VALUES (131, '장한별', '/images/members/장한별.jpg', '더불어민주당', 65, 11);
INSERT INTO members (id, name, photo_url, party, district_id, term) VALUES (132, '전석훈', '/images/members/전석훈.jpg', '더불어민주당', 53, 11);
INSERT INTO members (id, name, photo_url, party, district_id, term) VALUES (133, '전자영', '/images/members/전자영.jpg', '더불어민주당', 104, 11);
INSERT INTO members (id, name, photo_url, party, district_id, term) VALUES (134, '정경자', '/images/members/정경자.jpg', '국민의힘', 50, 11);
INSERT INTO members (id, name, photo_url, party, district_id, term) VALUES (135, '정동혁', '/images/members/정동혁.jpg', '더불어민주당', 7, 11);
INSERT INTO members (id, name, photo_url, party, district_id, term) VALUES (136, '정승현', '/images/members/정승현.jpg', '무소속', 79, 11);
INSERT INTO members (id, name, photo_url, party, district_id, term) VALUES (137, '정윤경', '/images/members/정윤경.jpg', '더불어민주당', 25, 11);
INSERT INTO members (id, name, photo_url, party, district_id, term) VALUES (138, '정하용', '/images/members/정하용.jpg', '국민의힘', 105, 11);
INSERT INTO members (id, name, photo_url, party, district_id, term) VALUES (139, '조미자', '/images/members/조미자.jpg', '더불어민주당', 35, 11);
INSERT INTO members (id, name, photo_url, party, district_id, term) VALUES (140, '조성환', '/images/members/조성환.jpg', '더불어민주당', 119, 11);
INSERT INTO members (id, name, photo_url, party, district_id, term) VALUES (141, '조용호', '/images/members/조용호.jpg', '더불어민주당', 99, 11);
INSERT INTO members (id, name, photo_url, party, district_id, term) VALUES (142, '조희선', '/images/members/조희선.jpg', '국민의힘', 50, 11);
INSERT INTO members (id, name, photo_url, party, district_id, term) VALUES (143, '지미연', '/images/members/지미연.jpg', '국민의힘', 106, 11);
INSERT INTO members (id, name, photo_url, party, district_id, term) VALUES (144, '최만식', '/images/members/최만식.jpg', '더불어민주당', 52, 11);
INSERT INTO members (id, name, photo_url, party, district_id, term) VALUES (145, '최민', '/images/members/최민.jpg', '더불어민주당', 16, 11);
INSERT INTO members (id, name, photo_url, party, district_id, term) VALUES (146, '최병선', '/images/members/최병선.jpg', '국민의힘', 114, 11);
INSERT INTO members (id, name, photo_url, party, district_id, term) VALUES (147, '최승용', '/images/members/최승용.jpg', '국민의힘', 50, 11);
INSERT INTO members (id, name, photo_url, party, district_id, term) VALUES (148, '최종현', '/images/members/최종현.jpg', '더불어민주당', 68, 11);
INSERT INTO members (id, name, photo_url, party, district_id, term) VALUES (149, '최효숙', '/images/members/최효숙.jpg', '더불어민주당', 50, 11);
INSERT INTO members (id, name, photo_url, party, district_id, term) VALUES (150, '한원찬', '/images/members/한원찬.jpg', '국민의힘', 67, 11);
INSERT INTO members (id, name, photo_url, party, district_id, term) VALUES (151, '허원', '/images/members/허원.jpg', '국민의힘', 117, 11);
INSERT INTO members (id, name, photo_url, party, district_id, term) VALUES (152, '홍원길', '/images/members/홍원길.jpg', '국민의힘', 29, 11);
INSERT INTO members (id, name, photo_url, party, district_id, term) VALUES (153, '황대호', '/images/members/황대호.jpg', '더불어민주당', 64, 11);
INSERT INTO members (id, name, photo_url, party, district_id, term) VALUES (154, '황세주', '/images/members/황세주.jpg', '더불어민주당', 50, 11);
INSERT INTO members (id, name, photo_url, party, district_id, term) VALUES (155, '황진희', '/images/members/황진희.jpg', '더불어민주당', 45, 11);

-- 의원-위원회 연결 데이터
INSERT INTO member_committees (id, member_id, committee_id) VALUES (1, 1, 13);
INSERT INTO member_committees (id, member_id, committee_id) VALUES (2, 2, 1);
INSERT INTO member_committees (id, member_id, committee_id) VALUES (3, 3, 4);
INSERT INTO member_committees (id, member_id, committee_id) VALUES (4, 4, 12);
INSERT INTO member_committees (id, member_id, committee_id) VALUES (5, 5, 14);
INSERT INTO member_committees (id, member_id, committee_id) VALUES (6, 6, 13);
INSERT INTO member_committees (id, member_id, committee_id) VALUES (7, 7, 5);
INSERT INTO member_committees (id, member_id, committee_id) VALUES (8, 8, 13);
INSERT INTO member_committees (id, member_id, committee_id) VALUES (9, 9, 6);
INSERT INTO member_committees (id, member_id, committee_id) VALUES (10, 10, 10);
INSERT INTO member_committees (id, member_id, committee_id) VALUES (11, 11, 16);
INSERT INTO member_committees (id, member_id, committee_id) VALUES (12, 11, 12);
INSERT INTO member_committees (id, member_id, committee_id) VALUES (13, 12, 1);
INSERT INTO member_committees (id, member_id, committee_id) VALUES (14, 13, 14);
INSERT INTO member_committees (id, member_id, committee_id) VALUES (15, 14, 8);
INSERT INTO member_committees (id, member_id, committee_id) VALUES (16, 15, 11);
INSERT INTO member_committees (id, member_id, committee_id) VALUES (17, 16, 14);
INSERT INTO member_committees (id, member_id, committee_id) VALUES (18, 17, 11);
INSERT INTO member_committees (id, member_id, committee_id) VALUES (19, 18, 4);
INSERT INTO member_committees (id, member_id, committee_id) VALUES (20, 18, 3);
INSERT INTO member_committees (id, member_id, committee_id) VALUES (21, 19, 5);
INSERT INTO member_committees (id, member_id, committee_id) VALUES (22, 19, 2);
INSERT INTO member_committees (id, member_id, committee_id) VALUES (23, 20, 8);
INSERT INTO member_committees (id, member_id, committee_id) VALUES (24, 21, 1);
INSERT INTO member_committees (id, member_id, committee_id) VALUES (25, 22, 5);
INSERT INTO member_committees (id, member_id, committee_id) VALUES (26, 23, 9);
INSERT INTO member_committees (id, member_id, committee_id) VALUES (27, 24, 6);
INSERT INTO member_committees (id, member_id, committee_id) VALUES (28, 24, 3);
INSERT INTO member_committees (id, member_id, committee_id) VALUES (29, 25, 1);
INSERT INTO member_committees (id, member_id, committee_id) VALUES (30, 25, 3);
INSERT INTO member_committees (id, member_id, committee_id) VALUES (31, 26, 5);
INSERT INTO member_committees (id, member_id, committee_id) VALUES (32, 27, 9);
INSERT INTO member_committees (id, member_id, committee_id) VALUES (33, 28, 12);
INSERT INTO member_committees (id, member_id, committee_id) VALUES (34, 29, 12);
INSERT INTO member_committees (id, member_id, committee_id) VALUES (35, 30, 6);
INSERT INTO member_committees (id, member_id, committee_id) VALUES (36, 31, 4);
INSERT INTO member_committees (id, member_id, committee_id) VALUES (37, 31, 15);
INSERT INTO member_committees (id, member_id, committee_id) VALUES (38, 32, 14);
INSERT INTO member_committees (id, member_id, committee_id) VALUES (39, 33, 14);
INSERT INTO member_committees (id, member_id, committee_id) VALUES (40, 33, 3);
INSERT INTO member_committees (id, member_id, committee_id) VALUES (41, 34, 7);
INSERT INTO member_committees (id, member_id, committee_id) VALUES (42, 34, 2);
INSERT INTO member_committees (id, member_id, committee_id) VALUES (43, 35, 9);
INSERT INTO member_committees (id, member_id, committee_id) VALUES (44, 37, 14);
INSERT INTO member_committees (id, member_id, committee_id) VALUES (45, 37, 2);
INSERT INTO member_committees (id, member_id, committee_id) VALUES (46, 38, 8);
INSERT INTO member_committees (id, member_id, committee_id) VALUES (47, 38, 3);
INSERT INTO member_committees (id, member_id, committee_id) VALUES (48, 39, 11);
INSERT INTO member_committees (id, member_id, committee_id) VALUES (49, 40, 11);
INSERT INTO member_committees (id, member_id, committee_id) VALUES (50, 41, 11);
INSERT INTO member_committees (id, member_id, committee_id) VALUES (51, 42, 16);
INSERT INTO member_committees (id, member_id, committee_id) VALUES (52, 42, 9);
INSERT INTO member_committees (id, member_id, committee_id) VALUES (53, 43, 16);
INSERT INTO member_committees (id, member_id, committee_id) VALUES (54, 43, 5);
INSERT INTO member_committees (id, member_id, committee_id) VALUES (55, 44, 5);
INSERT INTO member_committees (id, member_id, committee_id) VALUES (56, 45, 6);
INSERT INTO member_committees (id, member_id, committee_id) VALUES (57, 45, 15);
INSERT INTO member_committees (id, member_id, committee_id) VALUES (58, 46, 4);
INSERT INTO member_committees (id, member_id, committee_id) VALUES (59, 47, 13);
INSERT INTO member_committees (id, member_id, committee_id) VALUES (60, 48, 9);
INSERT INTO member_committees (id, member_id, committee_id) VALUES (61, 49, 1);
INSERT INTO member_committees (id, member_id, committee_id) VALUES (62, 49, 3);
INSERT INTO member_committees (id, member_id, committee_id) VALUES (63, 49, 15);
INSERT INTO member_committees (id, member_id, committee_id) VALUES (64, 50, 6);
INSERT INTO member_committees (id, member_id, committee_id) VALUES (65, 51, 14);
INSERT INTO member_committees (id, member_id, committee_id) VALUES (66, 52, 9);
INSERT INTO member_committees (id, member_id, committee_id) VALUES (67, 53, 1);
INSERT INTO member_committees (id, member_id, committee_id) VALUES (68, 53, 2);
INSERT INTO member_committees (id, member_id, committee_id) VALUES (69, 54, 8);
INSERT INTO member_committees (id, member_id, committee_id) VALUES (70, 55, 7);
INSERT INTO member_committees (id, member_id, committee_id) VALUES (71, 56, 14);
INSERT INTO member_committees (id, member_id, committee_id) VALUES (72, 57, 1);
INSERT INTO member_committees (id, member_id, committee_id) VALUES (73, 58, 12);
INSERT INTO member_committees (id, member_id, committee_id) VALUES (74, 58, 3);
INSERT INTO member_committees (id, member_id, committee_id) VALUES (75, 59, 7);
INSERT INTO member_committees (id, member_id, committee_id) VALUES (76, 60, 8);
INSERT INTO member_committees (id, member_id, committee_id) VALUES (77, 61, 9);
INSERT INTO member_committees (id, member_id, committee_id) VALUES (78, 62, 6);
INSERT INTO member_committees (id, member_id, committee_id) VALUES (79, 62, 2);
INSERT INTO member_committees (id, member_id, committee_id) VALUES (80, 63, 8);
INSERT INTO member_committees (id, member_id, committee_id) VALUES (81, 64, 1);
INSERT INTO member_committees (id, member_id, committee_id) VALUES (82, 65, 11);
INSERT INTO member_committees (id, member_id, committee_id) VALUES (83, 66, 5);
INSERT INTO member_committees (id, member_id, committee_id) VALUES (84, 66, 2);
INSERT INTO member_committees (id, member_id, committee_id) VALUES (85, 67, 1);
INSERT INTO member_committees (id, member_id, committee_id) VALUES (86, 68, 5);
INSERT INTO member_committees (id, member_id, committee_id) VALUES (87, 68, 3);
INSERT INTO member_committees (id, member_id, committee_id) VALUES (88, 69, 11);
INSERT INTO member_committees (id, member_id, committee_id) VALUES (89, 69, 2);
INSERT INTO member_committees (id, member_id, committee_id) VALUES (90, 70, 13);
INSERT INTO member_committees (id, member_id, committee_id) VALUES (91, 70, 3);
INSERT INTO member_committees (id, member_id, committee_id) VALUES (92, 71, 5);
INSERT INTO member_committees (id, member_id, committee_id) VALUES (93, 72, 1);
INSERT INTO member_committees (id, member_id, committee_id) VALUES (94, 72, 2);
INSERT INTO member_committees (id, member_id, committee_id) VALUES (95, 73, 16);
INSERT INTO member_committees (id, member_id, committee_id) VALUES (96, 73, 7);
INSERT INTO member_committees (id, member_id, committee_id) VALUES (97, 74, 1);
INSERT INTO member_committees (id, member_id, committee_id) VALUES (98, 74, 3);
INSERT INTO member_committees (id, member_id, committee_id) VALUES (99, 75, 8);
INSERT INTO member_committees (id, member_id, committee_id) VALUES (100, 76, 10);
INSERT INTO member_committees (id, member_id, committee_id) VALUES (101, 77, 6);
INSERT INTO member_committees (id, member_id, committee_id) VALUES (102, 77, 2);
INSERT INTO member_committees (id, member_id, committee_id) VALUES (103, 78, 9);
INSERT INTO member_committees (id, member_id, committee_id) VALUES (104, 79, 10);
INSERT INTO member_committees (id, member_id, committee_id) VALUES (105, 80, 7);
INSERT INTO member_committees (id, member_id, committee_id) VALUES (106, 80, 2);
INSERT INTO member_committees (id, member_id, committee_id) VALUES (107, 81, 13);
INSERT INTO member_committees (id, member_id, committee_id) VALUES (108, 82, 10);
INSERT INTO member_committees (id, member_id, committee_id) VALUES (109, 82, 15);
INSERT INTO member_committees (id, member_id, committee_id) VALUES (110, 83, 16);
INSERT INTO member_committees (id, member_id, committee_id) VALUES (111, 83, 9);
INSERT INTO member_committees (id, member_id, committee_id) VALUES (112, 83, 15);
INSERT INTO member_committees (id, member_id, committee_id) VALUES (113, 84, 9);
INSERT INTO member_committees (id, member_id, committee_id) VALUES (114, 85, 11);
INSERT INTO member_committees (id, member_id, committee_id) VALUES (115, 85, 3);
INSERT INTO member_committees (id, member_id, committee_id) VALUES (116, 86, 14);
INSERT INTO member_committees (id, member_id, committee_id) VALUES (117, 87, 13);
INSERT INTO member_committees (id, member_id, committee_id) VALUES (118, 87, 15);
INSERT INTO member_committees (id, member_id, committee_id) VALUES (119, 88, 10);
INSERT INTO member_committees (id, member_id, committee_id) VALUES (120, 89, 8);
INSERT INTO member_committees (id, member_id, committee_id) VALUES (121, 89, 3);
INSERT INTO member_committees (id, member_id, committee_id) VALUES (122, 90, 11);
INSERT INTO member_committees (id, member_id, committee_id) VALUES (123, 91, 12);
INSERT INTO member_committees (id, member_id, committee_id) VALUES (124, 91, 3);
INSERT INTO member_committees (id, member_id, committee_id) VALUES (125, 92, 16);
INSERT INTO member_committees (id, member_id, committee_id) VALUES (126, 92, 7);
INSERT INTO member_committees (id, member_id, committee_id) VALUES (127, 92, 15);
INSERT INTO member_committees (id, member_id, committee_id) VALUES (128, 93, 11);
INSERT INTO member_committees (id, member_id, committee_id) VALUES (129, 94, 8);
INSERT INTO member_committees (id, member_id, committee_id) VALUES (130, 95, 12);
INSERT INTO member_committees (id, member_id, committee_id) VALUES (131, 96, 4);
INSERT INTO member_committees (id, member_id, committee_id) VALUES (132, 96, 3);
INSERT INTO member_committees (id, member_id, committee_id) VALUES (133, 97, 4);
INSERT INTO member_committees (id, member_id, committee_id) VALUES (134, 97, 2);
INSERT INTO member_committees (id, member_id, committee_id) VALUES (135, 98, 6);
INSERT INTO member_committees (id, member_id, committee_id) VALUES (136, 99, 16);
INSERT INTO member_committees (id, member_id, committee_id) VALUES (137, 99, 7);
INSERT INTO member_committees (id, member_id, committee_id) VALUES (138, 100, 12);
INSERT INTO member_committees (id, member_id, committee_id) VALUES (139, 101, 7);
INSERT INTO member_committees (id, member_id, committee_id) VALUES (140, 102, 6);
INSERT INTO member_committees (id, member_id, committee_id) VALUES (141, 103, 13);
INSERT INTO member_committees (id, member_id, committee_id) VALUES (142, 104, 1);
INSERT INTO member_committees (id, member_id, committee_id) VALUES (143, 105, 13);
INSERT INTO member_committees (id, member_id, committee_id) VALUES (144, 106, 8);
INSERT INTO member_committees (id, member_id, committee_id) VALUES (145, 107, 4);
INSERT INTO member_committees (id, member_id, committee_id) VALUES (146, 108, 16);
INSERT INTO member_committees (id, member_id, committee_id) VALUES (147, 108, 4);
INSERT INTO member_committees (id, member_id, committee_id) VALUES (148, 109, 13);
INSERT INTO member_committees (id, member_id, committee_id) VALUES (149, 110, 6);
INSERT INTO member_committees (id, member_id, committee_id) VALUES (150, 111, 5);
INSERT INTO member_committees (id, member_id, committee_id) VALUES (151, 111, 2);
INSERT INTO member_committees (id, member_id, committee_id) VALUES (152, 112, 14);
INSERT INTO member_committees (id, member_id, committee_id) VALUES (153, 113, 6);
INSERT INTO member_committees (id, member_id, committee_id) VALUES (154, 114, 4);
INSERT INTO member_committees (id, member_id, committee_id) VALUES (155, 114, 2);
INSERT INTO member_committees (id, member_id, committee_id) VALUES (156, 114, 15);
INSERT INTO member_committees (id, member_id, committee_id) VALUES (157, 115, 11);
INSERT INTO member_committees (id, member_id, committee_id) VALUES (158, 116, 10);
INSERT INTO member_committees (id, member_id, committee_id) VALUES (159, 116, 3);
INSERT INTO member_committees (id, member_id, committee_id) VALUES (160, 117, 7);
INSERT INTO member_committees (id, member_id, committee_id) VALUES (161, 118, 16);
INSERT INTO member_committees (id, member_id, committee_id) VALUES (162, 118, 4);
INSERT INTO member_committees (id, member_id, committee_id) VALUES (163, 119, 5);
INSERT INTO member_committees (id, member_id, committee_id) VALUES (164, 120, 10);
INSERT INTO member_committees (id, member_id, committee_id) VALUES (165, 121, 10);
INSERT INTO member_committees (id, member_id, committee_id) VALUES (166, 122, 16);
INSERT INTO member_committees (id, member_id, committee_id) VALUES (167, 122, 7);
INSERT INTO member_committees (id, member_id, committee_id) VALUES (168, 123, 5);
INSERT INTO member_committees (id, member_id, committee_id) VALUES (169, 124, 16);
INSERT INTO member_committees (id, member_id, committee_id) VALUES (170, 124, 1);
INSERT INTO member_committees (id, member_id, committee_id) VALUES (171, 124, 2);
INSERT INTO member_committees (id, member_id, committee_id) VALUES (172, 125, 5);
INSERT INTO member_committees (id, member_id, committee_id) VALUES (173, 126, 13);
INSERT INTO member_committees (id, member_id, committee_id) VALUES (174, 126, 15);
INSERT INTO member_committees (id, member_id, committee_id) VALUES (175, 127, 9);
INSERT INTO member_committees (id, member_id, committee_id) VALUES (176, 127, 3);
INSERT INTO member_committees (id, member_id, committee_id) VALUES (177, 127, 15);
INSERT INTO member_committees (id, member_id, committee_id) VALUES (178, 128, 13);
INSERT INTO member_committees (id, member_id, committee_id) VALUES (179, 129, 14);
INSERT INTO member_committees (id, member_id, committee_id) VALUES (180, 129, 3);
INSERT INTO member_committees (id, member_id, committee_id) VALUES (181, 130, 5);
INSERT INTO member_committees (id, member_id, committee_id) VALUES (182, 131, 16);
INSERT INTO member_committees (id, member_id, committee_id) VALUES (183, 131, 6);
INSERT INTO member_committees (id, member_id, committee_id) VALUES (184, 132, 11);
INSERT INTO member_committees (id, member_id, committee_id) VALUES (185, 132, 3);
INSERT INTO member_committees (id, member_id, committee_id) VALUES (186, 133, 16);
INSERT INTO member_committees (id, member_id, committee_id) VALUES (187, 133, 6);
INSERT INTO member_committees (id, member_id, committee_id) VALUES (188, 133, 2);
INSERT INTO member_committees (id, member_id, committee_id) VALUES (189, 134, 12);
INSERT INTO member_committees (id, member_id, committee_id) VALUES (190, 135, 10);
INSERT INTO member_committees (id, member_id, committee_id) VALUES (191, 136, 7);
INSERT INTO member_committees (id, member_id, committee_id) VALUES (192, 137, 8);
INSERT INTO member_committees (id, member_id, committee_id) VALUES (193, 138, 4);
INSERT INTO member_committees (id, member_id, committee_id) VALUES (194, 139, 10);
INSERT INTO member_committees (id, member_id, committee_id) VALUES (195, 139, 2);
INSERT INTO member_committees (id, member_id, committee_id) VALUES (196, 139, 15);
INSERT INTO member_committees (id, member_id, committee_id) VALUES (197, 140, 16);
INSERT INTO member_committees (id, member_id, committee_id) VALUES (198, 140, 7);
INSERT INTO member_committees (id, member_id, committee_id) VALUES (199, 141, 10);
INSERT INTO member_committees (id, member_id, committee_id) VALUES (200, 142, 10);
INSERT INTO member_committees (id, member_id, committee_id) VALUES (201, 143, 12);
INSERT INTO member_committees (id, member_id, committee_id) VALUES (202, 144, 12);
INSERT INTO member_committees (id, member_id, committee_id) VALUES (203, 145, 4);
INSERT INTO member_committees (id, member_id, committee_id) VALUES (204, 146, 4);
INSERT INTO member_committees (id, member_id, committee_id) VALUES (205, 147, 9);
INSERT INTO member_committees (id, member_id, committee_id) VALUES (206, 147, 3);
INSERT INTO member_committees (id, member_id, committee_id) VALUES (207, 148, 8);
INSERT INTO member_committees (id, member_id, committee_id) VALUES (208, 149, 14);
INSERT INTO member_committees (id, member_id, committee_id) VALUES (209, 150, 4);
INSERT INTO member_committees (id, member_id, committee_id) VALUES (210, 151, 1);
INSERT INTO member_committees (id, member_id, committee_id) VALUES (211, 151, 15);
INSERT INTO member_committees (id, member_id, committee_id) VALUES (212, 152, 10);
INSERT INTO member_committees (id, member_id, committee_id) VALUES (213, 152, 3);
INSERT INTO member_committees (id, member_id, committee_id) VALUES (214, 153, 10);
INSERT INTO member_committees (id, member_id, committee_id) VALUES (215, 154, 12);
INSERT INTO member_committees (id, member_id, committee_id) VALUES (216, 155, 6);

-- 시퀀스 리셋 (PostgreSQL)
SELECT setval('districts_id_seq', 141);
SELECT setval('committees_id_seq', 16);
SELECT setval('members_id_seq', 155);
SELECT setval('member_committees_id_seq', 216);